ID,Dialogue,Label
0,"{'text': [{'role': 'A', 'response': ""Hey Chloe! Hope you're having a good day. Just attended this insane K-pop VR concert, you wouldn't believe the tech they used. How about you? Any cool VR stuff or work stories lately?""}, {'role': 'B', 'response': ""Hey Jonathan! Wow, that sounds amazing! I haven't done much in VR yet, but I've been super busy with this economic research. Just got back from a photoshoot in downtown Singapore, trying to capture the hustle and calm in the city vibes. Tell me more about the concert. Who performed? 😊""}, {'role': 'A', 'response': ""Oh man, it was wild! They had this holographic stage setup that felt so real. It was like being in a sci-fi movie. They even had this group called NCT Dream popping in with 3D avatars and everything. Crazy how immersive it's getting! Hey, capturing city vibes sounds sweet too! Did you get some cool shots?""}, {'role': 'B', 'response': ""Totally! I got some amazing shots using HDR and long exposure techniques. The lighting at night really adds to the whole city aesthetic. It's like seeing life in a different lens, you know? By the way, what did you think of the 3D avatars? Did it feel like you were actually there? 😄""}, {'role': 'A', 'response': ""Yeah, it honestly felt like standing in the middle of an actual show. The details were so sharp, and the energy was totally on point even through the headset. The tech is just mind-blowing! I'd love to see how your photos turned out—your shoots always have such a unique perspective! 📸""}, {'role': 'B', 'response': ""Aw, thank you! I'd love to share them with you sometime—maybe I could send you a few previews! By the way, have you ever tried out any VR photography or thought about doing something like that in the future? It could be an interesting mash-up of our hobbies! 😊""}, {'role': 'A', 'response': ""That's such an awesome idea! I haven't done VR photography yet, but combining it with my VR interests sounds like a fun project. We should totally collaborate on something like that. And yes, definitely send over some previews of your shots, I'd love to see them! 🌟""}, {'role': 'B', 'response': ""I'd love to collaborate! Let's brainstorm some ideas soon. 😊 Anyway, did you enjoy any other concerts besides the K-pop one? You've got me curious about more VR events now!""}, {'role': 'A', 'response': ""Yeah, definitely! I also checked out this EDM VR rave recently, and the light shows were insane—it was a total sensory overload. Definitely a different vibe from the K-pop concert, but super thrilling. If you're up for it, maybe we can 'attend' one together sometime and analyze the tech and visuals while we vibe out, haha! 🎆""}, {'role': 'B', 'response': ""That sounds like a blast! I'd be up for some VR concert adventures together. It'll be fun to share our thoughts and maybe draw some inspiration from the visuals for my photography. Let me know when you're ready to plan our first VR concert date! 😄""}]}",0
1,"{'text': [{'role': 'B', 'response': ""Hey Ryan! 😊 I hope your day was good. I've been thinking a lot about urban exploration today—it's one of my favorite hobbies. I love discovering hidden places in the city and capturing them on my vlog. It feels like being part of the city’s untold stories. What about you? What kind of stories do you love capturing with your words?""}, {'role': 'A', 'response': ""Hey Jisoo! That sounds so cool, exploring hidden places and weaving them into stories for your vlog. I love capturing stories that blend creativity with competition—like in gaming, where every strategy can be a metaphor for storytelling. Lately, I'm really into how VR gaming narratives can create immersive experiences. What drew you to urban exploration?""}, {'role': 'B', 'response': ""Ah, VR gaming narratives do sound immersive and fascinating!👀 As for me, urban exploration is like stepping into a living history book. There's a certain beauty in abandoned places, where every corner has its own story waiting to be told. Plus, it's thrilling to imagine the lives once lived there. Have you ever thought about blending urban exploration with VR narrative?""}, {'role': 'A', 'response': ""That's an intriguing idea, Jisoo. Combining urban exploration with VR narratives could really bring those untold stories to life in an immersive way. It opens up endless possibilities for creating impactful experiences that resonate on multiple levels. What kind of hidden places have you explored lately? Any stories you're working on now?""}, {'role': 'B', 'response': ""Recently, I explored an old warehouse district with impressive cryptic graffiti that caught the light perfectly. There's something about those crumbling walls that tell their own tale. I'm working on a vlog about this—capturing the play of light and shadow while weaving in urban legends. It makes me wonder, have you ever thought about writing a narrative set in a place like this?""}, {'role': 'A', 'response': ""That sounds like such an inspiring setting, Jisoo! I could definitely see myself writing a narrative where the exploration of such a space becomes central to the plot. Imagine combining that with VR, where the player can walk through those graffiti-laden walls and uncover stories in real-time. It's a playground for creativity! Let me know when you upload the vlog, I'd love to see it!""}, {'role': 'B', 'response': ""I'll definitely let you know when it's up! I'm excited to share it with someone who appreciates storytelling as much as I do. 😊 Also, it'd be great to get together sometime and explore some of our ideas. Maybe even collaborate on a project? What do you think?""}, {'role': 'A', 'response': ""That would be amazing, Jisoo! Collaborating on a project sounds really exciting, especially with someone who shares a passion for creative storytelling. We should totally brainstorm and see where our ideas can take us. I'm looking forward to it!""}, {'role': 'B', 'response': ""I'm really looking forward to it too! Maybe we could meet up at that quiet café I told you about? It's the perfect spot for creative discussions. Let me know when you're free, and we can set up a time. 😊""}, {'role': 'A', 'response': ""I love the sound of that! Let's plan for sometime over the weekend when it's less hectic. I can bring along some notes on VR storytelling, and we can have a fun brainstorming session. I'll send you a time that works for me. 😉""}]}",0
2,"{'text': [{'role': 'A', 'response': ""Hey Li Wei, hope you get the chance to peep my new art piece! Been working on it for a while and I'm curious about your thoughts. Also, I've been wondering, what are some of your hobbies outside of the anime realm? Would be cool to know more about what you enjoy!""}, {'role': 'B', 'response': ""Hey Ryan! I'd love to see your art piece, it sounds exciting. 😄 As for my hobbies, I enjoy digital productivity hacks, minimalist living, and exploring creative projects like DIY organization and digital art. I also delve into culinary courses and occasionally attend coding workshops as well. What about you? What are your hobbies and what do you enjoy doing in your free time?""}, {'role': 'A', 'response': ""Oh man, that's dope! Digital productivity hacks and DIY projects sound super creative, and minimalist living is such a cool philosophy. For me, I'm all about anime and manga. Love diving into animation techniques, art styles, and themes. I collect merch, go to conventions, review series, and I'm pretty big into writing fanfiction too. I also love doing fan art—working on both digital and traditional styles. When I'm not geeking out over anime, I'm studying business and trying to tie that into my art hobbies. So stoked to have found someone who vibes on the same creative wavelength! 😄""}, {'role': 'B', 'response': ""That's so cool, Ryan! 🤩 I can totally relate to being passionate about something that deeply. I'd love to hear more about how you're combining your business studies with your art. It sounds like a unique blend! Do you have any future dreams or plans in mind with that? Also, if you're interested, I could share some tips on digital productivity that might help with your studies or art projects. 😊""}, {'role': 'A', 'response': ""Yo, that sounds awesome, Li Wei! I'm actually thinking about starting an online platform or store focusing on anime-inspired artwork and merch, maybe even incorporating some of my fanfiction works. Your digital productivity hacks can definitely come in handy for something like that! I'm all ears if you're willing to share some tips. 👍 How about you? Any big plans or projects you're working on?""}, {'role': 'B', 'response': ""Wow, Ryan, that's an amazing goal! I'd love to help out however I can. 😊 As for me, I've been working on a DIY organization project using recycled materials for my study nook at school. It ties together a lot of the things I love—creativity, sustainability, and being productive in my personal space. I actually hosted a live session showcasing it recently. I also have a digital art project that's all about personal growth and sustainability, kind of my way to reflect on our lovely conversations about art and dreams. I'd be happy to share more about it if you're interested! 💗""}, {'role': 'A', 'response': ""Yo, your projects sound super cool, especially the use of recycled materials. And that digital art project seems like a really personal and insightful journey. I'd love to hear more about your art and maybe even swap tips or ideas. Maybe a collaboration someday? 🔥😄""}, {'role': 'B', 'response': ""I would love that, Ryan! A collaboration sounds like a dream come true 🤩 Working together on something could be such a creative explosion, combining our vibes and skills! Let's definitely chat about it more and maybe brainstorm some ideas together. Really excited to see where our creative journeys might take us! 😊""}, {'role': 'A', 'response': ""For sure, Li Wei! 🤙 Let's keep this momentum going. How about we start sharing some of our work with each other and set up a brainstorming session soon? Could be fun to see what kind of magic we can create together! 🔥""}, {'role': 'B', 'response': ""Absolutely, Ryan! I'm so in. Let's set up a time to share our work and brainstorm ideas! 🌟 Can't wait to see the magic we'll create together. 😊""}]}",0
3,"{'text': [{'role': 'B', 'response': '$S$'}, {'role': 'A', 'response': ""Hey Li Wei! What's up, bro? Anything exciting happening in the world of graphic design today? I've been running around Singapore filming for my vlog. Oh, and maybe we could collab someday; your design skills could add some sick visuals to my content!""}, {'role': 'B', 'response': 'Hey Ryan! That sounds pretty cool actually—I’ve been working on some new designs inspired by cultural elements lately. A collab sounds fun, too! Maybe we can brainstorm over coffee sometime? By the way, what kind of vlogs are you working on these days?'}, {'role': 'A', 'response': ""Nice! I'm always down for coffee and some creative brainstorming! I'm working on blending my campus life and fitness challenges with some local Singaporean culture. Think of it as a mix of study tips, hawker centre explorations, and intense workouts. Your designs could definitely give it a fresh twist. How about you? What cultural elements are you focusing on in your designs?""}, {'role': 'B', 'response': ""I'm currently diving into combining minimalist and maximalist styles with inspirations from both traditional Chinese art and modern Singaporean elements. It feels like a thrilling journey to mix such diverse cultures. I'd love to see how my designs could pair with your vlogs, especially with the hawker centre explorations. Do you have any favorite spots around the city?""}, {'role': 'A', 'response': ""Yo, that fusion sounds epic! When it comes to hawker centres, I'm a sucker for the satay at Lau Pa Sat, but I also love the vibe at Maxwell Food Centre. So many good eats and stories to tell! I think your art style would really make those visuals pop. We could definitely plan a day of filming and design sessions together soon. Sound good?""}, {'role': 'B', 'response': ""That sounds perfect! I've actually been meaning to visit Lau Pa Sat again. Let's set a date and get some awesome content created. Excited to finally collaborate with you, Ryan!""}, {'role': 'A', 'response': ""Awesome, let's lock it in then! How about we meet up this weekend at Lau Pa Sat? It'll be a blast to combine our styles and create something unique. Looking forward to it, big homie!""}, {'role': 'B', 'response': ""This weekend at Lau Pa Sat sounds great! I'm already thinking of some design ideas. Can't wait to see how this collab turns out, and just hang out too! 😊""}, {'role': 'A', 'response': ""Haha, for sure, it's gonna be lit! Can't wait to see what creative magic we cook up together. Catch you this weekend, bro! Till then, take it easy and keep those ideas flowing! 😎""}]}",0
4,"{'text': [{'role': 'A', 'response': ""Hey Mei Ling! Today was insane, I was filling up my bullet journal with so many doodles and mood logs. Had a blast shooting some epic drone footage at campus too. What about you, how's your day been?""}, {'role': 'B', 'response': ""Hey Alexei! That sounds like a lot of fun, especially the drone footage. I'd love to see some of those shots! My day has been pretty exciting too. I’ve been diving deep into some agile frameworks in class and sketching out a few fresh UI/UX ideas. Also did some late-night debugging on a cybersecurity module for my IoT project. It's intense but super fulfilling. What kind of things do you journal about, if you don't mind sharing?""}, {'role': 'A', 'response': ""That's awesome, Mei Ling! Your day sounds packed with exciting stuff too. As for my journal, I fill it with everything from daily to-dos, goals, mood logs, and sometimes just random doodles when inspiration strikes. It keeps me organized and creative. I'd love to show you some of my journal pages, maybe you'll find something inspiring for your projects too! Plus, I'll definitely send you some of the drone shots soon. :)""}, {'role': 'B', 'response': ""I'd love that, Alexei! Seeing how you organize your thoughts and creativity could be so inspiring. And I’m definitely looking forward to those drone shots. Maybe we can swap some tips - I can share some UI/UX design principles, and you can show me how you get those aerial shots just right. :)""}, {'role': 'A', 'response': ""Absolutely, Mei Ling! That's a deal. It'll be like a creative workshop between the two of us. Let's plan a virtual meet-up soon and swap those tips and tricks. Can't wait to see how we can collaborate creatively! :D""}, {'role': 'B', 'response': ""Sounds perfect, Alexei! I'm really excited about this. Let me know your schedule, and we can set up a time for our virtual meet-up. It's going to be a lot of fun, and I'm eager to learn from you. :)""}, {'role': 'A', 'response': ""Great, Mei Ling! Let's aim for this weekend—I should be fairly free then. I’ll message you the exact time when I’m done finalizing my schedule. Can’t wait for our epic brainstorm session! :D""}, {'role': 'B', 'response': ""Awesome, looking forward to it! Have a great week planning, and let me know once your schedule is set. Can't wait for our creative jam session this weekend! :D""}, {'role': 'A', 'response': ""Will do, Mei Ling! Have a fantastic week ahead, and I'll ping you soon once everything's sorted. Excited for the creative vibes we'll unleash together! Catch you later, big homie! :D""}, {'role': 'B', 'response': ""Catch you later, Alexei! Looking forward to brainstorming with you. Let's create something amazing together! Until then, take care and have a great week! :D""}]}",0
5,"{'text': [{'role': 'B', 'response': 'Hey Benjamin! 😊 I really enjoyed our chat about sustainable innovation. You’ve got some amazing insights that totally resonate with what I’m passionate about.'}, {'role': 'A', 'response': ""Hey there, Aisyah! That means a lot coming from you. It's refreshing to meet someone who shares the same ideals.""}, {'role': 'B', 'response': ""I feel the same way! Actually, I was thinking... would you like to grab dinner with me sometime? I'd love to continue our conversation in person. 😌""}, {'role': 'A', 'response': 'Thanks for the offer, Aisyah! How about we meet up with a group of friends at the next anime convention or a sustainable fashion meetup instead? It could be fun to mix both our interests there. 😊'}, {'role': 'B', 'response': 'That sounds like a fun plan! I’m definitely up for a meet-up that combines our interests. Let’s firm up the details soon, okay? 😊'}, {'role': 'A', 'response': '$S$'}, {'role': 'B', 'response': 'Hey, Benjamin! Hope you’ve been well. 😊 I was thinking, we could maybe have that dinner first and then plan for the meetup after? Just us, more cozy and personal. What do you think?'}, {'role': 'A', 'response': ""Hey Aisyah! That sounds really nice, but I'm more comfortable gathering with a few others as well. Maybe we can plan that group meetup soon? 😊""}, {'role': 'B', 'response': ""I understand! Let's do that. We can plan for the meetup and see how it goes from there. 😊 How about we finalize a date soon?""}, {'role': 'A', 'response': ""Yeah, let's finalize a date! I'm really looking forward to our group meetup. It'll be great to chat more about sustainable innovation and catch some anime panels together. 😊""}, {'role': 'B', 'response': ""Absolutely, I can't wait! How about we check our calendars and set a day that works for both of us? It'll be great to blend our interests and connect with others too. 😊""}, {'role': 'A', 'response': '$S$'}]}",0
6,"{'text': [{'role': 'A', 'response': ""Hey Aisyah! You won't believe the day I've had. It started out with a huge bug in a VR project—had me raging! But then I got into some cool DIY mode. Picked up some vintage fabric and metal trinkets at the market for my crafts. Spent the evening woodworking and chilling with VR art folks. Feeling so much better now - all thanks to a little bit of art! What's new with you?""}, {'role': 'B', 'response': ""Hey Benjamin! Sounds like a roller-coaster kind of day! It's amazing how art can turn things around. 😊 For me, I've been diving deep into analyzing NFT market trends today over my morning coffee. Actually, I discovered some fascinating engagement metrics from a virtual reality concert that caught my eye. It's all feeding into a data-driven digital gallery exhibit I'm working on—launching my first NFT collection soon! 'Deep Data Love.' Also, I'd love to hear more about your woodworking and VR art hangouts. What's something new you've picked up from the VR art folks?""}, {'role': 'A', 'response': ""That's so exciting, Aisyah! Your NFT project sounds lit. 🚀 As for the VR art hangout, I got some awesome tips on using photorealistic textures in VR modeling. It kinda opened up a whole new level for my projects. And motion capture tech is super interesting—it's like giving animations a life of their own. I might integrate more of that into my next VR art piece. Ah, can't wait to see your collection launch! Keep me posted on that, yeah?""}, {'role': 'B', 'response': ""Thanks, Benjamin! I appreciate the support 😊 It's great we can both integrate such amazing tech into our passions. Motion capture sounds incredible, and I'd love to see how you use it in your projects. Let's definitely keep each other updated! Maybe one day we could even collaborate on something. Btw, do you ever find woodworking as a way to relax after a hectic day? I find creating art so therapeutic!""}, {'role': 'A', 'response': ""Absolutely, Aisyah! Woodworking is my go-to stress buster after a long day. It's all about finding that peace, you know? I'm glad to have a best homie like you who gets it. Let's keep sharing our creative journeys, and yeah, a future collab sounds epic! We'll catch up soon, alright?""}, {'role': 'B', 'response': ""That sounds perfect, Benjamin! I'm so glad we connected and are able to share these moments together. Let's keep inspiring each other and definitely look forward to a collab in the future. Take care and catch up with you soon! 😊""}, {'role': 'A', 'response': ""You too, Aisyah! Take care! 😊 Can't wait for our next chat. I'll be here if you need to share more insights or just chill out. Later, big homie!""}, {'role': 'B', 'response': 'Later, Benjamin! Looking forward to our next conversation and seeing where our creative paths take us. Stay awesome, big homie! 😊'}, {'role': 'A', 'response': '$EXIT$'}]}",0
7,"{'text': [{'role': 'B', 'response': ""Hi Arjun! 😊 I was checking out your profile and noticed we share a passion for tech and art. I'd love to get to know you better. How about we grab dinner tonight? Would be great to chat about our interests in person. Let me know!""}, {'role': 'A', 'response': 'Hey Clarissa! 😊 That sounds like a fun idea, but I prefer group meet-ups. How about we invite a few friends and head to that art space downtown? We can chat about our tech and art interests there!'}, {'role': 'B', 'response': ""Sounds like a plan, Arjun! Let's invite a few friends and enjoy the evening at the art space. I'm sure it'll be a fun night. Looking forward to it! 😊""}, {'role': 'A', 'response': ""Great! I'll send out a message to a few friends and see who can join. Can't wait to discuss all things tech and art with everyone. See you later! 😉""}, {'role': 'B', 'response': ""Awesome, see you later, Arjun! I'll catch up with you there. 😊""}, {'role': 'A', 'response': '$S$'}, {'role': 'B', 'response': '$S$'}, {'role': 'A', 'response': ""Hey Clarissa, just finished inviting a few friends. We'll gather around 7pm at the art space. Looking forward to our discussions! 🎨💻""}, {'role': 'B', 'response': 'Perfect timing! I’ll reach out to some of my friends too. Excited to catch up at 7pm and dive into tech and art conversations with everyone! 😊'}, {'role': 'A', 'response': ""Great! That's awesome, Clarissa. See you at 7pm then! It'll be nice exchanging ideas and exploring different perspectives together. 😊""}]}",0
8,"{'text': [{'role': 'B', 'response': ""Hey Marcus! I just got back from a day filled with exploring some abandoned places around Singapore and capturing it all with my drone. It's amazing how much beauty you can find in neglected corners through a lens. Do you ever get that feeling when you're on campus, like you're discovering secret spots others might not notice? 😊""}, {'role': 'A', 'response': ""Hey Li Na! That sounds pretty awesome. I love the idea of finding beauty in unexpected places. On campus, I don't exactly look for hidden spots, but I do enjoy setting up in a quiet corner with my bullet journal and just getting lost in my own world. I think it's about carving out your own peaceful place amidst the chaos, you know? Not exactly secret spots, but personal ones. How did the drone footage turn out? It must've been pretty incredible capturing those neglected spaces!""}, {'role': 'B', 'response': ""The footage turned out really well! There's something magical about seeing these places from above, almost like they're telling a story of their own. I added some ambient sound design to it, and it really enhances the mood. 😊 Do you also do any kind of creative projects or find a way to blend your journaling with something else? I'd love to hear more about how you create your own peaceful spots.""}, {'role': 'A', 'response': ""Yeah, I love blending my journaling with my activism work. Each page isn't just about daily scheduling—I incorporate creative layouts with a mix of typographic art, doodles, and all my activism content. It's like I'm weaving a narrative with every detail. I find a lot of calm in laying everything out visually, especially when I mix in elements from my campaigns like infographics or strategies. It's super grounding and artsy. I'm glad your footage turned out great—it must be amazing combining drones and sound design to create something so unique!""}, {'role': 'B', 'response': ""That sounds fascinating, Marcus! It's like your journal is a dynamic blend of creativity and purpose. 😊 I'd love to see how you incorporate those elements someday. Maybe we could even explore some of these peaceful spots together. I could share more of my creative process, and you could show me how you integrate your activism into your journaling. It sounds like it could be quite the inspiring experience!""}, {'role': 'A', 'response': ""That sounds like a wonderful idea, Li Na! I'd love to do that and see your creative process too. It's always great to share and learn from each other. Let's plan something soon!""}, {'role': 'B', 'response': ""Yes, let's definitely plan something soon! Maybe we could meet up over the weekend at my favorite café and then head out to explore a few spots. It's going to be exciting to merge our worlds a little! 😊 Just let me know when you're free. Looking forward to it!""}, {'role': 'A', 'response': ""Sure, let's do that. I'm looking forward to it too! I'll check my schedule and let you know when I'll be free over the weekend. 😊""}, {'role': 'B', 'response': ""Great! I hope we can find a time that works for both of us. Meanwhile, if there's anything you'd want to share or discuss before then, feel free to message me. I'm always here to chat or help if you need anything. 😊""}, {'role': 'A', 'response': '$S$'}]}",0
9,"{'text': [{'role': 'A', 'response': ""Hey Nur Aisyah, hope you're doing well! I've been working on some new minimalist design strategies and just finished a TikTok showcasing a DIY project I did. I'd love to hear your thoughts on how we could maybe implement some new energy-saving tips into your field. Always excited for our creative exchanges!""}, {'role': 'B', 'response': ""Hey Amirul! That sounds really interesting. I love how we can intertwine creativity into different fields. Energy-saving tips, especially in finance and investments, can be quite innovative. I'd love to hear more about your project! Maybe we can find a way to blend it into some of the market insights I've been working on lately. Also, I just released a small podcast episode today with some insights, if you'd like to take a listen. 😊""}, {'role': 'A', 'response': ""That sounds awesome, Nur Aisyah! I'd be excited to collaborate on merging our ideas. I'll definitely check out your podcast—send me the link? Also, for the project, I focused on a campus gadget that ties into sustainable tech. Maybe we can brainstorm how aspects of it could benefit investment strategies focusing on green initiatives.""}, {'role': 'B', 'response': ""Thanks, Amirul! Here's the link to my podcast episode: [link]. It’s a mix of finance insights and melodies, quite like how we blend ideas! I’d love to hear your thoughts. Your project sounds super intriguing. I think there’s a lot of potential in exploring green initiatives within investment strategies. How about we plan a mini brainstorming session? We can get into the details and see how we can blend our expertise effectively. 😊""}, {'role': 'A', 'response': ""Sure thing, Nur Aisyah! Let’s schedule that brainstorming session. I’m really looking forward to hearing more about your insights and how we can fuse our ideas creatively. Thanks for the podcast link, I'll give it a listen and we can dive deeper into this exciting collaboration. Let's make it happen!""}, {'role': 'B', 'response': ""Great, Amirul! Let me know when you're available, and we can put our heads together. It's always inspiring bouncing ideas with you. 😊""}, {'role': 'A', 'response': ""I'll be free this Saturday afternoon! How does that time work for you? Looking forward to it!""}, {'role': 'B', 'response': ""Saturday afternoon sounds perfect, Amirul. I'm looking forward to our brainstorming session! Let's see what brilliant ideas we can come up with together. 😊""}, {'role': 'A', 'response': ""Awesome! Can't wait, Nur Aisyah. Let's make the most of our Saturday session. 🚀""}, {'role': 'B', 'response': ""Yes, looking forward to it! Hope our ideas will mesh well and create something innovative. I'll be preparing some notes and inspirations ahead of time. 😊""}]}",0
10,"{'text': [{'role': 'B', 'response': ""Hey Oliver! 😊 I woke up today feeling a bit melancholic, but I decided to dive into my work to uplift my spirits. I've been experimenting with some new interface ideas and took my camera out for a stroll around the city. How has your day been? Anything exciting happen or any projects you're working on that you're passionate about? I'd love to hear all about it! 🎨🎮""}, {'role': 'A', 'response': ""Hey Li Wei! I totally get you; sometimes diving into work can really lift the mood. Today was pretty eventful! I had a creative meetup with some friends which gave me tons of inspiration. I also finally completed a new UX/UI design project for a community platform that merges crafts and photography. It was a thrilling process seeing how creativity in DIY reflects in digital design. What about your new interface ideas? I'd love to hear more!""}, {'role': 'B', 'response': ""That sounds amazing, Oliver! 🎨 Crafts and photography—what a perfect combination. It must've been so fulfilling to work on something that merges creativity in such unique ways. As for me, I've been focusing on improving user interactions and experimenting with a more minimalist design approach. Inspired by my urban photography walk, I'm thinking of integrating some new visual styles into the UI. It's a work-in-progress, but I love the challenge! What's next on your creative journey? 🤔""}, {'role': 'A', 'response': ""I love hearing about your minimalist approach, Li Wei. It sounds like it could bring a lot of elegance to the UI. Right now, I'm thinking about diving deeper into integrating more tactile experiences in digital interfaces. Kind of combining touch and tech, you know? I'm in the brainstorming phase, but I'd love to bounce ideas off you if you're up for it sometime!""}, {'role': 'B', 'response': ""That sounds fascinating, Oliver! I'm always up for a brainstorming session. I think combining touch and tech can really create immersive user experiences. Let's definitely set a time to dive into this further. Maybe we can even grab some coffee while we're at it? 😄""}, {'role': 'A', 'response': ""I'd love to brainstorm over coffee, but maybe we could make it a group thing? I always find group settings spark the best ideas. Let me know what works for you!""}, {'role': 'B', 'response': ""A group brainstorm sounds great! Maybe we could invite some of our friends from the design community? I'd love to arrange a weekend meetup. Let me check on some potential dates and get back to you! 😉""}, {'role': 'A', 'response': ""Sounds like a plan! Can't wait to hear back about the dates. 😊""}, {'role': 'B', 'response': ""I've started reaching out to some friends, and I think they would be excited about the idea as well! It would be fun to see how everyone approaches design differently. I'll keep you posted as soon as we have a date.""}, {'role': 'A', 'response': ""Great! Looking forward to it. Let me know if there's anything I can help with in planning for the meetup. 👍""}]}",0
11,"{'text': [{'role': 'B', 'response': ''}, {'role': 'A', 'response': 'Hey Ryan, I hope you had a wonderful day! 😊 I just wanted to share a bit about my day. I spent some time updating my bullet journal during lunch and participated in a study group discussing clinical research methodologies. I always find those discussions so enriching! How was your day? Did anything exciting happen at work today?'}, {'role': 'A', 'response': 'Hey Chloe! ☝️ Sounds like a productive day for you! My day was pretty busy too. I worked on some intricate design models and got inspired to create a video on the engineering behind VR hardware. Plus, I managed to fit in some gaming! Always helps to unwind a bit. Anything new on your end?'}, {'role': 'B', 'response': ""Wow, Ryan, that sounds both exciting and creative! 😊 I love that you're exploring video creation on engineering topics. It's such a unique and insightful way to share your passion. Gaming sounds like a nice way to relax too! I've been thinking a lot about how meaningful connections can flourish. It's nice to share these moments with someone who appreciates them too. Any cool games you're into lately?""}, {'role': 'A', 'response': ""Hey Chloe! 😊 I'm really into VR shooter games and puzzle-solving ones these days. They are a nice mix of excitement and brainwork! What about you? Are you into any games or doing anything interesting outside work?""}, {'role': 'B', 'response': ""Honestly, I haven't been into gaming much. My time outside work is mostly filled with bullet journaling and my love for joining virtual study groups. They keep me engaged and inspired! Your gaming choices sound so interesting though. Maybe one day you can show me around the VR games you love. How do you balance your time between work, video creation, and gaming? 💜""}, {'role': 'A', 'response': 'Hey Chloe! Honestly, it can be a bit of a juggling act balancing everything. I try to prioritize my day based on deadlines and what inspires me at the moment. But I make sure to carve out some time for VR gaming and video creation as they help me unwind and fuel my creativity. I think finding that balance is important in keeping things interesting and fulfilling. How do you manage your time with all your activities?'}, {'role': 'B', 'response': ""That's really insightful, Ryan. I usually start by planning my week in my bullet journal, noting down essential tasks and meetings. By doing this, I ensure I have a structure to follow, yet maintain flexibility for spontaneous activities, which keeps things lively. I think sharing our approaches is inspiring! What's your favorite part about working on VR projects? 💜""}, {'role': 'A', 'response': ""I love the hands-on aspect of working on VR projects and how tangible the results are. Bringing ideas to life through hardware customization and seeing how slight design changes can enhance experiences is pretty exciting. Plus, blending technical precision with immersive fun keeps me motivated. It's like engineering meets creativity. Do you feel that way with your bullet journaling as well?""}, {'role': 'B', 'response': ""Absolutely! Bullet journaling allows me to blend creativity with structure, making it both a practical tool and an art form. I love experimenting with different layouts and colors while keeping track of important tasks and thoughts. It feels rewarding to have something tangible that reflects my personality and helps me stay organized. It's fascinating how similar it sounds to your VR projects. 😊""}, {'role': 'A', 'response': ""It's really cool how our hobbies align in that creative-technical sense! I'm curious—what do you think about joining a VR group meetup sometime? They're usually a mix of gaming and socializing, pretty lively and fun! No pressure though, just a thought. 😊""}]}",0
12,"{'text': [{'role': 'B', 'response': 'Hey Emily, I love how you pay attention to the little things. My day was pretty good, just finished a detailed piece for my Fine Arts project. How was yours?'}, {'role': 'A', 'response': ""Hey Ryan! Sounds like you had a creative day. My day was quite hectic with work, but I'm glad it's finally over. What was your Fine Arts project about?""}, {'role': 'B', 'response': ""It's a mixed media piece exploring light and shadow, inspired by my love for art. What about you? Did you get a chance to indulge in music or podcasting today?""}, {'role': 'A', 'response': ''}, {'role': 'A', 'response': 'Not really, but I did stumble upon this cool online gallery opening. Made me think of how art can really connect people globally, you know?'}, {'role': 'B', 'response': ''}, {'role': 'A', 'response': 'Ryan, your project sounds fascinating! Light and shadow can evoke such powerful emotions. It’s amazing how art, whether through a piece or a track, takes on a life of its own. Do you ever feel like art helps you understand things about yourself?'}, {'role': 'A', 'response': ''}, {'role': 'B', 'response': ""Absolutely, Emily! Art kind of reflects what's going on in my head and life, you know? It’s like I pick up stuff subconsciously and throw it out there on the canvas. Alright, let’s swap ideas sometime. We could brainstorm for days!""}, {'role': 'B', 'response': ''}, {'role': 'A', 'response': ""That sounds amazing, Ryan! I'm always up for a creative brainstorm. Let’s dive into each other’s world a bit more. Maybe we could create something together one day?""}, {'role': 'A', 'response': ''}, {'role': 'B', 'response': 'For sure, Emily! Collabing sounds dope. Maybe we could integrate some digital aspects, like VR or AR, into a project. That mix can really create something unique. What do you think?'}, {'role': 'B', 'response': ''}, {'role': 'A', 'response': ""I love that idea, Ryan! Bringing tech into art can really amplify the experience. Let's definitely explore those creative avenues together. I'm excited to see what we can come up with.""}, {'role': 'A', 'response': ''}, {'role': 'B', 'response': ""Awesome, let's sync together soon and plan something epic. I'm sure it'll be loads of fun and an explosion of creativity. What do you say to setting up a virtual brainstorming sesh next week?""}]}",0
13,"{'text': [{'role': 'B', 'response': ""Hey Alexandre! 😚 I really enjoyed our chat and find your profile super intriguing. How about we meet up for dinner tonight? I'd love to explore your interests more and maybe even share some of my vintage finds with you. What do you say? 😄""}, {'role': 'A', 'response': ""Hey Chloe! 😊 I'm so glad you enjoyed our chat. I'm totally up for dinner tonight! I'm really intrigued by your mention of vintage finds and would love to hear more about it. How about we meet at 7 PM? Any place you prefer or should I choose? 😉""}, {'role': 'B', 'response': ""That's awesome to hear! Let's meet at this cool spot I know called 'The Green Plate'. They have great food and a cozy vibe, perfect for some good conversation. How does that sound? 🙂""}, {'role': 'A', 'response': ""Sounds perfect! I'm looking forward to it. See you there at 7 PM! 😃""}, {'role': 'B', 'response': ""Great! Can't wait to share more about my projects and hear all about your interests, Alexandre. See you at 7! 😊""}, {'role': 'A', 'response': ""Awesome! I'm really excited to hear about your vintage finds and projects too. See you soon, Chloe! 😄""}, {'role': 'B', 'response': ""Absolutely excited for tonight! 😊 It's going to be a blast sharing our interests. Safe travels and see you soon, Alexandre! 🌟""}, {'role': 'A', 'response': ""Thanks, Chloe! Can't wait to dive into our conversations about vintage goodies and all the rest. See you at The Green Plate! 😎""}, {'role': 'B', 'response': '$EXIT$'}]}",1
14,"{'text': [{'role': 'A', 'response': ''}, {'role': 'B', 'response': ""Hey Li Wei Ling! 😊 Just saw your profile, and I really liked our earlier chat. You seem really interesting, and I'd love to get to know you better. How about grabbing dinner tonight? Let me know if you're up for it! 😊""}, {'role': 'B', 'response': ""Hey Benjamin! 😊 I was thinking the same thing, actually. I'd love to have dinner with you tonight. How about we meet at [a cozy local restaurant near Marina Bay]? Looking forward to it!""}, {'role': 'A', 'response': ""That's awesome! Marina Bay it is then. I'll see you there at 7 PM? Can't wait to chat more in person. 😊""}, {'role': 'B', 'response': ""Great! I'm really looking forward to it too, Benjamin. 😊 Let's make it a memorable evening. See you at 7 PM! 🌟""}, {'role': 'A', 'response': ""Absolutely! Let's have a great time together and see where this goes. 💜""}, {'role': 'B', 'response': ""Can't wait! 🌹 See you soon! 😊""}, {'role': 'A', 'response': '$EXIT$'}]}",1
15,"{'text': [{'role': 'B', 'response': ""Hey Lin Wei! 😊 I couldn't help but notice your profile and we seem to have quite a bit in common when it comes to tech and AR. How about we meet up for dinner tonight? I'd love to chat more about our passions and see where this could lead. Let me know what you think!""}, {'role': 'A', 'response': ""Hey Aisha! 😊 That sounds perfect. I'm really into tech and AR as well, and I'd love to hear more about your passions too. Let's make it a dinner date tonight! How about 7 PM at Tiong Bahru Bakery? Looking forward to meeting you and having a great time together.""}, {'role': 'B', 'response': ""Awesome! 7 PM at Tiong Bahru Bakery it is. Can't wait to dive into tech talk over some good food and see where the night takes us. See you there! 😊""}, {'role': 'A', 'response': 'Great, see you at 7! 😊'}, {'role': 'B', 'response': '$EXIT$'}]}",1
